position_x,position_y,position_z
-0.0745714,0.0367701,1.53938
-0.102023,0.022362,3.72924
-0.190458,0.0324826,1.69736
-0.360619,-0.213094,1.65034
-0.272139,0.16605,1.86303
-0.1803,0.0315055,1.61157
