position_x,position_y,position_z
-0.238663,-0.0999272,0.884937
-0.12628,0.117803,0.709363
-0.0371246,-0.0102262,0.885001
0.123247,-0.264169,0.826245
0.087227,0.173966,0.950821
-0.0957218,-0.0660097,0.915989
