position_x,position_y,position_z
1.03793,0.203229,0.193401
0.830214,0.0716945,0.127841
1.02677,-0.0296288,0.166286
1.08896,-0.147289,0.371864
1.0104,-0.130685,-0.0235924
1.07508,0.0473067,0.193222
