position_x,position_y,position_z
0.320688,0.398796,3.2104
0.042281,0.239608,1.29332
0.246103,0.271804,3.11841
0.250064,0.067758,1.36613
0.0176691,0.382039,1.37072
-0.0912779,0.311434,1.10543
