position_x,position_y,position_z
0.173409,0.145866,1.27553
0.499702,0.128835,1.46047
0.345732,0.230253,1.63697
0.447711,0.1855,1.4475
0.311979,-0.0967448,1.25944
0.272861,-0.0637373,1.16996
0.219979,-0.00409295,1.09902
0.122993,0.022809,1.03147
-0.0167133,0.0691059,0.956767
0.0369204,0.226004,1.21419
0.190892,0.259357,1.30145
0.224399,0.145242,1.31425
0.291915,0.188926,1.34473
0.217844,0.130914,1.21518
0.213152,0.0235644,1.22396
0.441444,0.0333482,1.38436
