position_x,position_y,position_z
0.498033,0.539133,2.49153
0.478226,0.600106,2.5269
-0.0991191,-0.0262294,1.76814
-0.429758,-0.0489625,3.34995
-0.270135,0.166592,1.86575
0.49109,0.540914,2.4639
