position_x,position_y,position_z
-0.169847,0.157191,0.759255
0.107367,0.0421774,0.895207
-0.0451718,0.0281887,0.764387
-0.139886,-0.11552,0.845487
0.0842127,0.161451,0.958708
0.996341,0.0637735,3.02293
