position_x,position_y,position_z
1.09475,-0.129925,0.240474
1.07279,0.263868,0.187717
0.88229,0.159053,0.095027
1.08146,0.147086,0.168672
1.10755,-0.030649,0.458661
1.17587,-0.0872136,0.449453
1.21022,-0.172165,0.428795
1.2296,-0.297446,0.415938
1.2259,-0.438761,0.411159
1.07914,-0.27419,0.20209
1.09097,-0.127035,0.152536
1.06755,-0.0888529,0.250248
1.09065,-0.0262542,0.194496
1.14823,-0.102052,0.238675
1.13534,-0.105457,0.342851
1.09645,0.18636,0.314919
